,accuracy,precision,recall,f1
Logistic Regression,0.9125,0.9333333333333333,0.8484848484848485,0.8888888888888888
Random Forest,0.8875,0.9,0.8181818181818182,0.8571428571428571
Gradient Boosting,0.875,0.896551724137931,0.7878787878787878,0.8387096774193549
SVM,0.9125,0.9333333333333333,0.8484848484848485,0.8888888888888888
KNN,0.875,0.8709677419354839,0.8181818181818182,0.84375
